model,training_condition,precision_mean,precision_std,recall_mean,recall_std,f1_score_mean,f1_score_std,false_positive_rate_mean,false_positive_rate_std,false_positives_mean,false_positives_std,false_negatives_mean,false_negatives_std
Logistic Regression,100%,0.9696347428320561,0.013446683782396293,0.9355704697986577,0.017501214510611127,0.9521551747099153,0.008833376759429128,0.004554865424430642,0.002146629539681959,4.4,2.073644135332772,9.6,2.6076809620810595
Logistic Regression,25%,0.9870632613424375,0.005675535629277785,0.9127516778523489,0.021223340001130034,0.9482977573723355,0.009035088549529604,0.0018633540372670807,0.0008661076879234736,1.8,0.8366600265340756,13.0,3.1622776601683795
Logistic Regression,40%,0.9829406590851605,0.003515183237984227,0.9248322147651006,0.019218551762787042,0.9528929634683351,0.008888623123871215,0.0024844720496894407,0.000567000577127501,2.4,0.5477225575051661,11.2,2.8635642126552705
Logistic Regression,50%,0.9816311117989841,0.005912389858325743,0.9275167785234899,0.019218551762787008,0.9536852461213732,0.008441071348559114,0.0026915113871635614,0.0009259080652173043,2.6,0.8944271909999159,10.8,2.8635642126552705
Logistic Regression,75%,0.9790542637543403,0.00927095280235688,0.9315436241610738,0.020902565775030104,0.9545272207838741,0.007601152689604736,0.0031055900621118015,0.0014639891950032039,3.0,1.4142135623730951,10.2,3.1144823004794873
Logistic Regression,Original,0.9868877225733865,0.005828807082904649,0.9020134228187919,0.017501214510611134,0.9424300644307877,0.007481086917282337,0.0018633540372670807,0.0008661076879234736,1.8,0.8366600265340756,14.6,2.6076809620810595
Naive Bayes,100%,0.9303226601862985,0.009885168690247142,0.9315436241610738,0.009954628841739123,0.9309186259276718,0.00906629252352203,0.010766045548654244,0.0015699535080852065,10.4,1.5165750888103102,10.2,1.4832396974191326
Naive Bayes,25%,0.989788775201275,0.006357942502787004,0.9060402684563759,0.015007167634226755,0.9459956766854706,0.008038881136470777,0.0014492753623188406,0.0009259080652173041,1.4,0.8944271909999159,14.0,2.23606797749979
Naive Bayes,40%,0.9773569033297781,0.014834126899153624,0.9194630872483222,0.012555897271053476,0.9474481835678497,0.009756580807122934,0.0033126293995859217,0.0022442529387866252,3.2,2.16794833886788,12.0,1.8708286933869707
Naive Bayes,50%,0.9718591898809074,0.015936084200806114,0.9208053691275169,0.015304368122136059,0.945552440890077,0.011686133767945188,0.004140786749482402,0.0024277514284800363,4.0,2.345207879911715,11.8,2.280350850198276
Naive Bayes,75%,0.9504659531896525,0.0058714830366838645,0.9275167785234899,0.011027970956479836,0.9388395611958323,0.008115856600434642,0.007453416149068323,0.0008661076879234741,7.2,0.8366600265340756,10.8,1.6431676725154982
Naive Bayes,Original,0.9940943966519414,0.006160038575321599,0.8966442953020135,0.015450824742578983,0.9427874594746264,0.008436130324945456,0.0008281573498964804,0.0008661076879234737,0.8,0.8366600265340756,15.4,2.3021728866442674
SVM,100%,0.9804008476656157,0.007386022623950593,0.9342281879194629,0.018008601161072127,0.9566396821193944,0.00752403781342095,0.002898550724637681,0.0011340011542550022,2.8,1.0954451150103324,9.8,2.6832815729997477
SVM,25%,0.9857360185453492,0.0047235574911707575,0.9221476510067115,0.021010034687917456,0.9527480589759124,0.009594048524960068,0.002070393374741201,0.0007319945975016019,2.0,0.7071067811865476,11.6,3.1304951684997055
SVM,40%,0.9843994329073649,0.0057586689246639485,0.9275167785234899,0.019795813696312215,0.9549988998922372,0.009528698245186267,0.002277432712215321,0.0008661076879234736,2.2,0.8366600265340756,10.8,2.949576240750525
SVM,50%,0.9844289562652652,0.005626253682792526,0.9275167785234899,0.019795813696312215,0.9549982034960598,0.008537259824257053,0.002277432712215321,0.0008661076879234736,2.2,0.8366600265340756,10.8,2.949576240750525
SVM,75%,0.9817576128282537,0.007643819914859184,0.9315436241610738,0.020902565775030104,0.9558368501263266,0.008731332144648688,0.0026915113871635614,0.0011803058230839937,2.6,1.140175425099138,10.2,3.1144823004794873
SVM,Original,0.985657590399444,0.004822725618641104,0.9181208053691275,0.01602327031719907,0.9506059195523212,0.007151583317832195,0.002070393374741201,0.0007319945975016019,2.0,0.7071067811865476,12.2,2.3874672772626644
