seed,model,training_condition,spam_to_ham_ratio,training_samples,test_samples,precision,recall,f1_score,accuracy,false_positive_rate,false_positives,false_negatives,true_positives,true_negatives
42,Naive Bayes,Original,0.1549624254988339,4457,1115,1.0,0.8859060402684564,0.9395017793594306,0.9847533632286996,0.0,0,17,132,966
42,Logistic Regression,Original,0.1549624254988339,4457,1115,0.9924242424242424,0.8791946308724832,0.9323843416370107,0.9829596412556054,0.0010351966873706005,1,18,131,965
42,SVM,Original,0.1549624254988339,4457,1115,0.9852941176470589,0.8993288590604027,0.9403508771929825,0.9847533632286996,0.002070393374741201,2,15,134,964
42,Naive Bayes,25%,0.25,4824,1115,0.9924812030075187,0.8859060402684564,0.9361702127659575,0.9838565022421525,0.0010351966873706005,1,17,132,965
42,Logistic Regression,25%,0.25,4824,1115,0.9924812030075187,0.8859060402684564,0.9361702127659575,0.9838565022421525,0.0010351966873706005,1,17,132,965
42,SVM,25%,0.25,4824,1115,0.9852941176470589,0.8993288590604027,0.9403508771929825,0.9847533632286996,0.002070393374741201,2,15,134,964
42,Naive Bayes,40%,0.4,5403,1115,0.9855072463768116,0.912751677852349,0.9477351916376306,0.9865470852017937,0.002070393374741201,2,13,136,964
42,Logistic Regression,40%,0.4,5403,1115,0.9852941176470589,0.8993288590604027,0.9403508771929825,0.9847533632286996,0.002070393374741201,2,15,134,964
42,SVM,40%,0.4,5403,1115,0.9784172661870504,0.912751677852349,0.9444444444444444,0.9856502242152466,0.003105590062111801,3,13,136,963
42,Naive Bayes,50%,0.5,5789,1115,0.9855072463768116,0.912751677852349,0.9477351916376306,0.9865470852017937,0.002070393374741201,2,13,136,964
42,Logistic Regression,50%,0.5,5789,1115,0.9854014598540146,0.9060402684563759,0.9440559440559441,0.9856502242152466,0.002070393374741201,2,14,135,964
42,SVM,50%,0.5,5789,1115,0.9855072463768116,0.912751677852349,0.9477351916376306,0.9865470852017937,0.002070393374741201,2,13,136,964
42,Naive Bayes,75%,0.75,6754,1115,0.9513888888888888,0.9194630872483222,0.9351535836177475,0.9829596412556054,0.007246376811594203,7,12,137,959
42,Logistic Regression,75%,0.75,6754,1115,0.9855072463768116,0.912751677852349,0.9477351916376306,0.9865470852017937,0.002070393374741201,2,13,136,964
42,SVM,75%,0.75,6754,1115,0.9784172661870504,0.912751677852349,0.9444444444444444,0.9856502242152466,0.003105590062111801,3,13,136,963
42,Naive Bayes,100%,1.0,7718,1115,0.9324324324324325,0.9261744966442953,0.9292929292929293,0.9811659192825112,0.010351966873706004,10,11,138,956
42,Logistic Regression,100%,1.0,7718,1115,0.9716312056737588,0.9194630872483222,0.9448275862068966,0.9856502242152466,0.004140786749482402,4,12,137,962
42,SVM,100%,1.0,7718,1115,0.9785714285714285,0.9194630872483222,0.9480968858131488,0.9865470852017937,0.003105590062111801,3,12,137,963
43,Naive Bayes,Original,0.1549624254988339,4457,1115,0.9927536231884058,0.9194630872483222,0.9547038327526133,0.9883408071748879,0.0010351966873706005,1,12,137,965
43,Logistic Regression,Original,0.1549624254988339,4457,1115,0.9785714285714285,0.9194630872483222,0.9480968858131488,0.9865470852017937,0.003105590062111801,3,12,137,963
43,SVM,Original,0.1549624254988339,4457,1115,0.9790209790209791,0.9395973154362416,0.958904109589041,0.989237668161435,0.003105590062111801,3,9,140,963
43,Naive Bayes,25%,0.25,4824,1115,0.9928057553956835,0.9261744966442953,0.9583333333333334,0.989237668161435,0.0010351966873706005,1,11,138,965
43,Logistic Regression,25%,0.25,4824,1115,0.9790209790209791,0.9395973154362416,0.958904109589041,0.989237668161435,0.003105590062111801,3,9,140,963
43,SVM,25%,0.25,4824,1115,0.9793103448275862,0.9530201342281879,0.9659863945578231,0.9910313901345291,0.003105590062111801,3,7,142,963
43,Naive Bayes,40%,0.4,5403,1115,0.9859154929577465,0.9395973154362416,0.9621993127147767,0.9901345291479821,0.002070393374741201,2,9,140,964
43,Logistic Regression,40%,0.4,5403,1115,0.9791666666666666,0.9463087248322147,0.962457337883959,0.9901345291479821,0.003105590062111801,3,8,141,963
43,SVM,40%,0.4,5403,1115,0.9794520547945206,0.959731543624161,0.9694915254237289,0.9919282511210762,0.003105590062111801,3,6,143,963
43,Naive Bayes,50%,0.5,5789,1115,0.9791666666666666,0.9463087248322147,0.962457337883959,0.9901345291479821,0.003105590062111801,3,8,141,963
43,Logistic Regression,50%,0.5,5789,1115,0.9793103448275862,0.9530201342281879,0.9659863945578231,0.9910313901345291,0.003105590062111801,3,7,142,963
43,SVM,50%,0.5,5789,1115,0.9794520547945206,0.959731543624161,0.9694915254237289,0.9919282511210762,0.003105590062111801,3,6,143,963
43,Naive Bayes,75%,0.75,6754,1115,0.9591836734693877,0.9463087248322147,0.9527027027027027,0.9874439461883409,0.006211180124223602,6,8,141,960
43,Logistic Regression,75%,0.75,6754,1115,0.9727891156462585,0.959731543624161,0.9662162162162162,0.9910313901345291,0.004140786749482402,4,6,143,962
43,SVM,75%,0.75,6754,1115,0.9727891156462585,0.959731543624161,0.9662162162162162,0.9910313901345291,0.004140786749482402,4,6,143,962
43,Naive Bayes,100%,1.0,7718,1115,0.9463087248322147,0.9463087248322147,0.9463087248322147,0.9856502242152466,0.008281573498964804,8,8,141,958
43,Logistic Regression,100%,1.0,7718,1115,0.9727891156462585,0.959731543624161,0.9662162162162162,0.9910313901345291,0.004140786749482402,4,6,143,962
43,SVM,100%,1.0,7718,1115,0.9727891156462585,0.959731543624161,0.9662162162162162,0.9910313901345291,0.004140786749482402,4,6,143,962
44,Naive Bayes,Original,0.1549624254988339,4457,1115,0.9924242424242424,0.8791946308724832,0.9323843416370107,0.9829596412556054,0.0010351966873706005,1,18,131,965
44,Logistic Regression,Original,0.1549624254988339,4457,1115,0.9856115107913669,0.9194630872483222,0.9513888888888888,0.9874439461883409,0.002070393374741201,2,12,137,964
44,SVM,Original,0.1549624254988339,4457,1115,0.9856115107913669,0.9194630872483222,0.9513888888888888,0.9874439461883409,0.002070393374741201,2,12,137,964
44,Naive Bayes,25%,0.25,4824,1115,0.9925925925925926,0.8993288590604027,0.9436619718309859,0.9856502242152466,0.0010351966873706005,1,15,134,965
44,Logistic Regression,25%,0.25,4824,1115,0.9857142857142858,0.9261744966442953,0.9550173010380623,0.9883408071748879,0.002070393374741201,2,11,138,964
44,SVM,25%,0.25,4824,1115,0.9857142857142858,0.9261744966442953,0.9550173010380623,0.9883408071748879,0.002070393374741201,2,11,138,964
44,Naive Bayes,40%,0.4,5403,1115,0.9854014598540146,0.9060402684563759,0.9440559440559441,0.9856502242152466,0.002070393374741201,2,14,135,964
44,Logistic Regression,40%,0.4,5403,1115,0.9790209790209791,0.9395973154362416,0.958904109589041,0.989237668161435,0.003105590062111801,3,9,140,963
44,SVM,40%,0.4,5403,1115,0.9858156028368794,0.9328859060402684,0.9586206896551724,0.989237668161435,0.002070393374741201,2,10,139,964
44,Naive Bayes,50%,0.5,5789,1115,0.9712230215827338,0.9060402684563759,0.9375,0.9838565022421525,0.004140786749482402,4,14,135,962
44,Logistic Regression,50%,0.5,5789,1115,0.9722222222222222,0.9395973154362416,0.9556313993174061,0.9883408071748879,0.004140786749482402,4,9,140,962
44,SVM,50%,0.5,5789,1115,0.9788732394366197,0.9328859060402684,0.9553264604810997,0.9883408071748879,0.003105590062111801,3,10,139,963
44,Naive Bayes,75%,0.75,6754,1115,0.9452054794520548,0.9261744966442953,0.9355932203389831,0.9829596412556054,0.008281573498964804,8,11,138,958
44,Logistic Regression,75%,0.75,6754,1115,0.9657534246575342,0.9463087248322147,0.9559322033898305,0.9883408071748879,0.005175983436853002,5,8,141,961
44,SVM,75%,0.75,6754,1115,0.9791666666666666,0.9463087248322147,0.962457337883959,0.9901345291479821,0.003105590062111801,3,8,141,963
44,Naive Bayes,100%,1.0,7718,1115,0.9266666666666666,0.9328859060402684,0.9297658862876255,0.9811659192825112,0.011387163561076604,11,10,139,955
44,Logistic Regression,100%,1.0,7718,1115,0.9463087248322147,0.9463087248322147,0.9463087248322147,0.9856502242152466,0.008281573498964804,8,8,141,958
44,SVM,100%,1.0,7718,1115,0.9791666666666666,0.9463087248322147,0.962457337883959,0.9901345291479821,0.003105590062111801,3,8,141,963
45,Naive Bayes,Original,0.1549624254988339,4457,1115,0.9852941176470589,0.8993288590604027,0.9403508771929825,0.9847533632286996,0.002070393374741201,2,15,134,964
45,Logistic Regression,Original,0.1549624254988339,4457,1115,0.9925373134328358,0.8926174496644296,0.9399293286219081,0.9847533632286996,0.0010351966873706005,1,16,133,965
45,SVM,Original,0.1549624254988339,4457,1115,0.9926470588235294,0.9060402684563759,0.9473684210526315,0.9865470852017937,0.0010351966873706005,1,14,135,965
45,Naive Bayes,25%,0.25,4824,1115,0.9784172661870504,0.912751677852349,0.9444444444444444,0.9856502242152466,0.003105590062111801,3,13,136,963
45,Logistic Regression,25%,0.25,4824,1115,0.9925925925925926,0.8993288590604027,0.9436619718309859,0.9856502242152466,0.0010351966873706005,1,15,134,965
45,SVM,25%,0.25,4824,1115,0.9926470588235294,0.9060402684563759,0.9473684210526315,0.9865470852017937,0.0010351966873706005,1,14,135,965
45,Naive Bayes,40%,0.4,5403,1115,0.9513888888888888,0.9194630872483222,0.9351535836177475,0.9829596412556054,0.007246376811594203,7,12,137,959
45,Logistic Regression,40%,0.4,5403,1115,0.9855072463768116,0.912751677852349,0.9477351916376306,0.9865470852017937,0.002070393374741201,2,13,136,964
45,SVM,40%,0.4,5403,1115,0.9927007299270073,0.912751677852349,0.951048951048951,0.9874439461883409,0.0010351966873706005,1,13,136,965
45,Naive Bayes,50%,0.5,5789,1115,0.9448275862068966,0.9194630872483222,0.9319727891156463,0.9820627802690582,0.008281573498964804,8,12,137,958
45,Logistic Regression,50%,0.5,5789,1115,0.9855072463768116,0.912751677852349,0.9477351916376306,0.9865470852017937,0.002070393374741201,2,13,136,964
45,SVM,50%,0.5,5789,1115,0.9927007299270073,0.912751677852349,0.951048951048951,0.9874439461883409,0.0010351966873706005,1,13,136,965
45,Naive Bayes,75%,0.75,6754,1115,0.9448275862068966,0.9194630872483222,0.9319727891156463,0.9820627802690582,0.008281573498964804,8,12,137,958
45,Logistic Regression,75%,0.75,6754,1115,0.9855072463768116,0.912751677852349,0.9477351916376306,0.9865470852017937,0.002070393374741201,2,13,136,964
45,SVM,75%,0.75,6754,1115,0.9927007299270073,0.912751677852349,0.951048951048951,0.9874439461883409,0.0010351966873706005,1,13,136,965
45,Naive Bayes,100%,1.0,7718,1115,0.9256756756756757,0.9194630872483222,0.9225589225589226,0.979372197309417,0.011387163561076604,11,12,137,955
45,Logistic Regression,100%,1.0,7718,1115,0.9785714285714285,0.9194630872483222,0.9480968858131488,0.9865470852017937,0.003105590062111801,3,12,137,963
45,SVM,100%,1.0,7718,1115,0.9927536231884058,0.9194630872483222,0.9547038327526133,0.9883408071748879,0.0010351966873706005,1,12,137,965
46,Naive Bayes,Original,0.1549624254988339,4457,1115,1.0,0.8993288590604027,0.9469964664310954,0.9865470852017937,0.0,0,15,134,966
46,Logistic Regression,Original,0.1549624254988339,4457,1115,0.9852941176470589,0.8993288590604027,0.9403508771929825,0.9847533632286996,0.002070393374741201,2,15,134,964
46,SVM,Original,0.1549624254988339,4457,1115,0.9857142857142858,0.9261744966442953,0.9550173010380623,0.9883408071748879,0.002070393374741201,2,11,138,964
46,Naive Bayes,25%,0.25,4824,1115,0.9926470588235294,0.9060402684563759,0.9473684210526315,0.9865470852017937,0.0010351966873706005,1,14,135,965
46,Logistic Regression,25%,0.25,4824,1115,0.9855072463768116,0.912751677852349,0.9477351916376306,0.9865470852017937,0.002070393374741201,2,13,136,964
46,SVM,25%,0.25,4824,1115,0.9857142857142858,0.9261744966442953,0.9550173010380623,0.9883408071748879,0.002070393374741201,2,11,138,964
46,Naive Bayes,40%,0.4,5403,1115,0.9785714285714285,0.9194630872483222,0.9480968858131488,0.9865470852017937,0.003105590062111801,3,12,137,963
46,Logistic Regression,40%,0.4,5403,1115,0.9857142857142858,0.9261744966442953,0.9550173010380623,0.9883408071748879,0.002070393374741201,2,11,138,964
46,SVM,40%,0.4,5403,1115,0.9856115107913669,0.9194630872483222,0.9513888888888888,0.9874439461883409,0.002070393374741201,2,12,137,964
46,Naive Bayes,50%,0.5,5789,1115,0.9785714285714285,0.9194630872483222,0.9480968858131488,0.9865470852017937,0.003105590062111801,3,12,137,963
46,Logistic Regression,50%,0.5,5789,1115,0.9857142857142858,0.9261744966442953,0.9550173010380623,0.9883408071748879,0.002070393374741201,2,11,138,964
46,SVM,50%,0.5,5789,1115,0.9856115107913669,0.9194630872483222,0.9513888888888888,0.9874439461883409,0.002070393374741201,2,12,137,964
46,Naive Bayes,75%,0.75,6754,1115,0.9517241379310345,0.9261744966442953,0.9387755102040817,0.9838565022421525,0.007246376811594203,7,11,138,959
46,Logistic Regression,75%,0.75,6754,1115,0.9857142857142858,0.9261744966442953,0.9550173010380623,0.9883408071748879,0.002070393374741201,2,11,138,964
46,SVM,75%,0.75,6754,1115,0.9857142857142858,0.9261744966442953,0.9550173010380623,0.9883408071748879,0.002070393374741201,2,11,138,964
46,Naive Bayes,100%,1.0,7718,1115,0.9205298013245033,0.9328859060402684,0.9266666666666666,0.9802690582959641,0.012422360248447204,12,10,139,954
46,Logistic Regression,100%,1.0,7718,1115,0.9788732394366197,0.9328859060402684,0.9553264604810997,0.9883408071748879,0.003105590062111801,3,10,139,963
46,SVM,100%,1.0,7718,1115,0.9787234042553191,0.9261744966442953,0.9517241379310345,0.9874439461883409,0.003105590062111801,3,11,138,963
